l_english:
 jamaica_scripted_country_name: "Jamaica"
 jamaica_scripted_country_name_ADJ: "Jamaican"
 new_granada_scripted_country_name: "New Granada"
 new_granada_scripted_country_name_ADJ: "New Granadan"
 new_south_wales_scripted_country_name: "New South Wales"
 new_south_wales_scripted_country_name_ADJ: "New South Welsh"
 new_spain_scripted_country_name: "New Spain"
 new_spain_scripted_country_name_ADJ: "New Spanish"
 new_york_scripted_country_name: "New York"
 new_york_scripted_country_name_ADJ: "New York"
 new_amsterdam_scripted_country_name: "New Amsterdam"
 new_amsterdam_scripted_country_name_ADJ: "New Amsterdam"
 new_zealand_scripted_country_name: "New Zealand"
 new_zealand_scripted_country_name_ADJ: "New Zealand"
 nova_scotia_scripted_country_name: "Nova Scotia"
 nova_scotia_scripted_country_name_ADJ: "Nova Scotian"
 peru_scripted_country_name: "Peru"
 peru_scripted_country_name_ADJ: "Peruvian"
 rio_de_la_plata_scripted_country_name: "Río de la Plata"
 rio_de_la_plata_scripted_country_name_ADJ: "Río de la Plata"
 swan_river_colony_scripted_country_name: "Swan River"
 swan_river_colony_scripted_country_name_ADJ: "Swan River"
 wessex_scripted_country_name: "Wessex"
 wessex_scripted_country_name_ADJ: "Wessex"
 