l_russian:
 aachen.spanish_language: "Акисгран"
 aalst.spanish_language: "Алост"
 acre.spanish_language: "Сан-Хуан-де-Акре"
 agadir.spanish_language: "Санта-Крус-дель-Кабо-Агер"
 aguere.spanish_language: "Сан-Кристобаль-де-ла-Лагуна"
 akimel_oodham.spanish_language: "Сан-Хавьер-дель-Бак"
 alcacer_do_sal.spanish_language: "Алькасар-де-ла-Саль"
 alcobaca.spanish_language: "Алькобаса"
 alencon.spanish_language: "Аленсон"
 alexandria.spanish_language: "Алехандрия"
 alghero.spanish_language: "Альгер"
 algiers.spanish_language: "Архель"
 amsterdam.spanish_language: "Амстердам"
 andorra_la_vella.spanish_language: "Андорра-ла-Вьеха"
 angouleme.spanish_language: "Ангулема"
 antwerp.spanish_language: "Антуэрпия"
 apalachee.spanish_language: "Сан-Маркос-де-Апалачи"
 aquileia.spanish_language: "Акилеа"
 arasibo.spanish_language: "Аресибо"
 arles.spanish_language: "Арлес"
 arras.spanish_language: "Аррас"
 asilah.spanish_language: "Арсила"
 assisi.spanish_language: "Асис"
 augsburg.spanish_language: "Аугсбурго"
 avignon.spanish_language: "Авиньон"
 awaswas.spanish_language: "Сан-Франсиско-де-Асис"
 azemmour.spanish_language: "Асамор"
 azrou.spanish_language: "Асру"
 azua.spanish_language: "Асуа-де-Компостела"
 bamberg.spanish_language: "Бамберга"
 bani.spanish_language: "Бани"
 banique.spanish_language: "Баника"
 bastogne.spanish_language: "Бастонья"
 bavaro.spanish_language: "Баваро"
 bayaquitiri.spanish_language: "Сантьяго-де-Куба"
 bayonne.spanish_language: "Байона"
 bejaia.spanish_language: "Бухия"
 bergamo.spanish_language: "Бергамо"
 bergen_zoom.spanish_language: "Берхен"
 berlin.spanish_language: "Берлин"
 besancon.spanish_language: "Бесансон"
 bitburg.spanish_language: "Битбурго"
 bizerte.spanish_language: "Бисерта"
 bohio.spanish_language: "Сан-Фелипе-де-Пуэрто-Плата"
 bologna.spanish_language: "Болонья"
 bordeaux.spanish_language: "Бурдеос"
 bosa_colombia.spanish_language: "Санта-Фе-де-Богота"
 boya.spanish_language: "Сабана-Гранде-де-Бойя"
 braganca.spanish_language: "Браганса"
 brandenburg.spanish_language: "Бранденбурго"
 bremen.spanish_language: "Брема"
 briancon.spanish_language: "Бриансон"
 brixen.spanish_language: "Бресанона"
 bruges.spanish_language: "Брухас"
 brussels.spanish_language: "Бруселас"
 cairo.spanish_language: "Эль-Кайро"
 calais.spanish_language: "Калес"
 calamari.spanish_language: "Картахена-де-Индиас"
 canterbury.spanish_language: "Канторбери"
 carcassonne.spanish_language: "Каркасона"
 cayacoa.spanish_language: "Санто-Доминго-де-Гусман"
 ccantumarcani.spanish_language: "Потоси"
 chambery.spanish_language: "Чамбери"
 cherbourg.spanish_language: "Чербурго"
 cholollan.spanish_language: "Чолула"
 cibao.spanish_language: "Санто-Томас-де-Ханико"
 coblenz.spanish_language: "Кобленса"
 coburg.spanish_language: "Кобурго"
 cojutepeque.spanish_language: "Сан-Висенте"
 cologne.spanish_language: "Колония"
 constantine_ALG.spanish_language: "Константина"
 cotui.spanish_language: "Ла-Мехорада-дель-Котуй"
 covilha.spanish_language: "Ковильян"
 cuauhchinanco.spanish_language: "Гуачинанго"
 dillingen.spanish_language: "Дилинга"
 dortmund.spanish_language: "Тремония"
 dover.spanish_language: "Дубрес"
 dresden.spanish_language: "Дресда"
 dubrovnik.spanish_language: "Рагуса"
 dunkirk.spanish_language: "Дункерке"
 east_falkland.spanish_language: "Исла-Соледад"
 edinburgh.spanish_language: "Эдимбурго"
 el_tor.spanish_language: "Эль-Тор"
 emden.spanish_language: "Эмда"
 erfurt.spanish_language: "Эрфурт"
 esztergom.spanish_language: "Эстригония"
 flensburg.spanish_language: "Фленсбурго"
 florence.spanish_language: "Флоренсия"
 frankfurt.spanish_language: "Франкфорт-дель-Мено"
 freiburg.spanish_language: "Фрибурго-де-Брисговия"
 freising.spanish_language: "Фрисинга"
 geldern.spanish_language: "Гуэльдрес"
 genoa.spanish_language: "Хенова"
 ghent.spanish_language: "Ганте"
 gottingen.spanish_language: "Готинга"
 groningen.spanish_language: "Гронинга"
 guacayakima.spanish_language: "Сальватьерра-де-Ла-Сабана"
 guaxenicos.spanish_language: "Сомотильо"
 guaynabo.spanish_language: "Сан-Хуан"
 guaynia.spanish_language: "Гуайния"
 gunzburg.spanish_language: "Гунсбурго"
 habana.spanish_language: "Сан-Кристобаль-де-Ла-Абана"
 hamburg.spanish_language: "Амбурго"
 helsingor.spanish_language: "Эльсинор"
 hertogenbosch.spanish_language: "Больдуке"
 hicayagua.spanish_language: "Санта-Крус-де-Икайягуа"
 hipalan.spanish_language: "Сан-Себастьян-де-Ла-Гомера"
 huexotzinco.spanish_language: "Уэхоцинго"
 ifni.spanish_language: "Санта-Крус-де-ла-Мар-Пекенья"
 ifrane.spanish_language: "Ифран"
 iguamuco.spanish_language: "Ларес-де-Гуааба"
 ineseno.spanish_language: "Сан-Луис-Обиспо"
 ixtapan.spanish_language: "Истапа"
 jaragua.spanish_language: "Санта-Мария-дель-Пуэрто-де-Ла-Харагуа"
 kairouan.spanish_language: "Кайруан"
 kassel.spanish_language: "Кассель"
 khenifra.spanish_language: "Хенифра"
 kleve.spanish_language: "Клеверис"
 konstanz.spanish_language: "Констанса"
 kortriik.spanish_language: "Кортрике"
 ksar_el_kebir.spanish_language: "Алькасаркивир"
 kukamonga.spanish_language: "Сан-Хуан-Капистрано"
 kumeyaay.spanish_language: "Сан-Диего-де-Алькала"
 la_mamora.spanish_language: "Ла-Мамора"
 la_rochelle.spanish_language: "Ла-Рочела"
 larache.spanish_language: "Лараче"
 lauenburg.spanish_language: "Лауэмбурго"
 leeuwarden.spanish_language: "Леуварда"
 leiden.spanish_language: "Лейда"
 leipzig.spanish_language: "Липсия"
 leiria.spanish_language: "Лейрия"
 leuven.spanish_language: "Ловайна"
 liege.spanish_language: "Льеха"
 lille.spanish_language: "Лила"
 limassol.spanish_language: "Лимасоль"
 limbourg.spanish_language: "Лимбурго"
 livorno.spanish_language: "Льорна"
 llacsapallanca.spanish_language: "Вилья-Рика-де-Оропеса" #Huancavelica
 lliria.spanish_language: "Лирия"
 london.spanish_language: "Лондрес"
 lubeck.spanish_language: "Лубека"
 luneburg.spanish_language: "Лунебурго"
 luxembourg.spanish_language: "Луксембурго"
 lyon.spanish_language: "Леон-де-Франсия"
 maastricht.spanish_language: "Мастрике"
 magdeburg.spanish_language: "Магдебурго"
 magorix.spanish_language: "Сан-Фернандо-де-Монте-Кристи"
 maguana.spanish_language: "Сан-Хуан-де-ла-Магуана"
 mainz.spanish_language: "Магунсия"
 manchester.spanish_language: "Манчестер"
 manso.spanish_language: "Эль-Пасо-дель-Норте" #Juárez
 mantova.spanish_language: "Мантуа"
 marburg.spanish_language: "Марбурго"
 marien.spanish_language: "Пуэрто-Реаль"
 marrakesh.spanish_language: "Марруэкос"
 marseille.spanish_language: "Марселья"
 maxorata.spanish_language: "Бетанкурия"
 mayaca.spanish_language: "Сан-Агустин"
 mazaghan.spanish_language: "Масаган"
 mechelen.spanish_language: "Малинас"
 meknes.spanish_language: "Мекинес"
 messina.spanish_language: "Месина"
 middelburg.spanish_language: "Мидельбурго"
 milano.spanish_language: "Милан"
 miranda_de_i_douro.spanish_language: "Миранда-де-Дуэро"
 mo_o_ti.spanish_language: "Гуанахуато"
 moca.spanish_language: "Консепсьон-де-Ла-Вега"
 modena.spanish_language: "Модена"
 munich.spanish_language: "Монако-де-Бавьера"
 munster.spanish_language: "Муньисте"
 mutsun.spanish_language: "Сан-Карлос-Борромео-де-Кармело"
 naples.spanish_language: "Наполес"
 narbonne.spanish_language: "Нарбона"
 naumburg.spanish_language: "Наумбурго"
 neubrandenburg.spanish_language: "Нуэво-Бранденбурго"
 nice.spanish_language: "Ниса"
 nijmegen.spanish_language: "Нимега"
 nimes.spanish_language: "Нимес"
 nivelles.spanish_language: "Нивельяс"
 nonualco.spanish_language: "Сантьяго-Нонуалько"
 nuremberg.spanish_language: "Нуремберга"
 oldenburg.spanish_language: "Ольденбурго"
 ometepec.spanish_language: "Асою"
 oran.spanish_language: "Оран"
 orleans.spanish_language: "Орлеанс"
 ostend.spanish_language: "Остенде"
 ouarzazate.spanish_language: "Уарсасат"
 ouezzane.spanish_language: "Уэсан"
 oujda.spanish_language: "Ушда"
 pachyohcan.spanish_language: "Пачука-де-Сото"
 padova.spanish_language: "Падуа"
 paris.spanish_language: "Парис"
 pavia.spanish_language: "Павия"
 perpignan.spanish_language: "Перпиньян"
 perugia.spanish_language: "Перуса"
 piacenza.spanish_language: "Пласенсия"
 poctlan.spanish_language: "Путла"
 porto.spanish_language: "Опорто"
 puigcerda.spanish_language: "Пуигсерда"
 ratzeburg.spanish_language: "Рацебурго"
 regensburg.spanish_language: "Ратисбона"
 roermond.spanish_language: "Руремунда"
 rome.spanish_language: "Рома"
 rottenburg.spanish_language: "Ротембурго-дель-Некар"
 rotterdam.spanish_language: "Ротердам"
 rouen.spanish_language: "Руан"
 saarbrucken.spanish_language: "Сарребрук"
 saint_jean_pied_de_port.spanish_language: "Сан-Хуан-Пье-де-Пуэрто"
 saint_quentin.spanish_language: "Сан-Кинтин"
 salzburg.spanish_language: "Сальсбурго"
 samana.spanish_language: "Санта-Барбара-де-Самана"
 santarem.spanish_language: "Сантарен"
 sauveterre_de_guyenne.spanish_language: "Сальватьерра-де-Гуена"
 schmalkalden.spanish_language: "Эсмалькальда"
 sefrou.spanish_language: "Сефру"
 shiewhibak.spanish_language: "Альбукерке"
 sigmaringen.spanish_language: "Сигмаринга"
 sint_niklaas.spanish_language: "Сан-Николас-де-Фландес"
 syracuse.spanish_language: "Сиракуса"
 sousse.spanish_language: "Суса"
 speyer.spanish_language: "Эспира"
 strasbourg.spanish_language: "Эстрасбурго"
 suez.spanish_language: "Суэс"
 tamaraceite.spanish_language: "Лас-Пальмас-де-Гран-Канария"
 tangier.spanish_language: "Танхер"
 tarascon.spanish_language: "Тараскон"
 taroudant.spanish_language: "Таруданте"
 tecklenburg.spanish_language: "Теклембурго"
 tedote.spanish_language: "Санта-Крус-де-ла-Пальма"
 tehotihuacan.spanish_language: "Сан-Хуан-Теотиуакан"
 temsamane.spanish_language: "Тенсаман"
 tenochtitlan.spanish_language: "Мехико"
 teotenanco.spanish_language: "Теотенанго"
 tepotahal.spanish_language: "Сан-Антонио-де-Падуа"
 tetouan.spanish_language: "Тетуан"
 than_u_ge.spanish_language: "Ла-Вилья-Реаль-де-ла-Санта-Фе-де-Сан-Франсиско-де-Асис"
 the_hague.spanish_language: "Ла-Айя"
 tillantonco.spanish_language: "Тилатонго"
 timucua.spanish_language: "Сан-Матео"
 tindouf.spanish_language: "Тиндуф"
 tlaxomulco.spanish_language: "Тлахомулько"
 tlemcen.spanish_language: "Тремесен"
 toulon.spanish_language: "Толон"
 toulouse.spanish_language: "Толоса-де-Лангедок"
 trier.spanish_language: "Треверис"
 tubingen.spanish_language: "Тубинга"
 tunis.spanish_language: "Тунес"
 turin.spanish_language: "Турин"
 uberlingen.spanish_language: "Уберлинга"
 ulm.spanish_language: "Ульма"
 urfa.spanish_language: "Эдеса"
 utrecht.spanish_language: "Утреке"
 valenca.spanish_language: "Валенсия-дель-Миньо"
 valence.spanish_language: "Валенсия-де-Франсия"
 valenciennes.spanish_language: "Валенсьяна"
 venice.spanish_language: "Венесия"
 verdun_sur_garonne.spanish_language: "Вердун-де-Гарона"
 verdun.spanish_language: "Вердун"
 viana_do_castelo.spanish_language: "Виана-дель-Кастильо"
 vienna.spanish_language: "Вьена"
 vila_real.spanish_language: "Вильяреаль"
 vila_vicosa.spanish_language: "Вильявисьоса"
 villefranche.spanish_language: "Вильяфранка-де-Руэргуэ"
 viseu.spanish_language: "Висео"
 west_falkland.spanish_language: "Гран-Мальвина"
 wurzburg.spanish_language: "Вурсбурго"
 xalacinco.spanish_language: "Халасинго"
 xamapan.spanish_language: "Веракрус"
 xicallanco.spanish_language: "Шикаланго"
 yaanga.spanish_language: "Нуэстра-Сеньора-ла-Рейна-де-лос-Анхелес-дель-Рио-де-Порсиункула"
 yaguana.spanish_language: "Санта-Мария-де-Ла-Ягуана"
 yamasa.spanish_language: "Ла-Буэнавентура"
 yanaguana.spanish_language: "Сан-Антонио-де-Бехар"
 yaqui.spanish_language: "Сантьяго-де-лос-Кабальерос"
 yaquimo.spanish_language: "Вильянуэва-де-Якимо"
 yerevan.spanish_language: "Эреван"
 ypres.spanish_language: "Ипрес"
 yuma.spanish_language: "Сальвалеон-де-Игуэй"
 zacatollan.spanish_language: "Сакатула"
 zadar.spanish_language: "Хара"
 zain.spanish_language: "Сакатекас"
 zaragoza.spanish_language: "Сарагоса"
 zinacantan.spanish_language: "Сьюдад-Реаль"
 zweibrucken.spanish_language: "Дос-Пуэнтес"
