l_russian:
 #Africa
 #Central Africa
 #Kongo Region
 ngono_area: "Нгоно"
 #East Africa
 #Great Lakes Region
 egaso_ngiro_area: "Эвасо-Нгиро"
 igombe_area: "Игомбе"
 malawi_area: "Малавийский рифт"
 rift_valley_area: "Рифтовая долина"
 victoria_area: "Озеро Виктория"
 #Ethiopia Region
 central_ethiopia_area: "Центральная Эфиопия"
 northern_ethiopia_area: "Северная Эфиопия"
 southern_ethiopia_area: "Южная Эфиопия"
 #Nubia Region
 butana_area: "Бутана"
 darfur_area: "Кордофан"
 equatoria_area: "Экватория"
 nubia_proper_area: "Нубия"
 #Somalia Region
 inner_somalia_area: "Внутреннее Сомали"
 northern_somalia_area: "Северное Сомали"
 southern_somalia_area: "Южное Сомали"
 #Madagascar Region
 east_african_island_area: "Восточно-Африканские острова"
 east_madagascar_area: "Восточный Мадагаскар"
 malagasy_highlands_area: "Малагасийское нагорье"
 north_madagascar_area: "Северный Мадагаскар"
 west_madagascar_area: "Западный Мадагаскар"
 #Swahili Coast Region
 mozambique_area: "Мозамбик"
 rufiji_area: "Руфиджи"
 ruvuma_lurio_area: "Рувума-Лурио"
 tana_area: "Тана"
 wami_area: "Вами"
 #North Africa
 #Egypt Region
 lower_egypt_area: "Нижний Египет"
 upper_egypt_area: "Верхний Египет"
 sinai_area: "Синай"
 cyrenaica_area: "Киренаика"
 #Maghreb Region
 algiers_area: "Аль-Магриб аль-Авсат"
 atlas_high_plateau: "Атласское высокое плато"
 desert_area: "Сахарские оазисы"
 macaronesia_area: "Макаронезия"
 macaronesia_area_ADJ: "Макаронезийск"
 morocco_area: "Аль-Магриб аль-Акса"
 sus_area: "$sus_province$"
 tripolitania_area: "Триполи"
 tunis_area: "Аль-Магриб аль-Адна"
 #South Africa
 #South Africa Region
 southern_africa_islands_area: "Южно-Африканские острова"
 goringhaikona_area: "Горингайкона"
 umgungundlovu_area: "Умгунгундлову"
 tzaneen_area: "Цанен"
 thaba_bosiu_area: "Таба-Босиу"
 karoo_area: "Кару"
 kalahari_area: "Калахари"
 okavango_area: "Окаванго"
 namib_area: "Намиб"
 cape_area: "Мыс Доброй Надежды"
 #Zimbabwe Region
 limpopo_area: "Лимпопо"
 zambezi_area: "Замбези"
 save_area: "Саве"
 #West Africa
 #Sahel Region
 adamawa_area: "Адамава"
 air_area: "Аир"
 bornu_area: "Борну"
 east_mossi_area: "Восточное Мосси"
 gao_area: "Гао"
 ghana_area: "Гана"
 kanem_area: "Канем"
 logone_area: "Логон"
 mali_area: "Мали"
 north_hausa_area: "Северный Хаусаленд"
 south_hausa_area: "Южный Хаусаленд"
 timbuktu_area: "Тимбукту"
 wadai_area: "Вадаи"
 west_mossi_area: "Западное Мосси"
 western_sahara_area: "Западная Сахара"
 zarma_area: "Зарма"
 #West Africa Region
 akan_area: "Акан"
 benin_area: "Бенин"
 cameroon_highlands_area: "Камерунское нагорье"
 cape_verde_area: "Острова Зелёного мыса"
 futa_tooro_area: "Фута Торо"
 gambia_area: "Гамбия"
 gold_coast_area: "Золотой Берег"
 gulf_of_guinea_area: "Гвинейский залив"
 gur_area: "Гур"
 jolof_area: "Джолоф"
 kong_area: "Конг"
 kru_area: "Кру"
 lower_niger_area: "Нижний Нигер"
 south_manding_area: "Южный Мандинг"
 upper_guinea_area: "Верхняя Гвинея"
 west_africa_coastline: "Побережье Западной Африки"
 yoruba_area: "Йоруба"
 #Central Africa Region
 north_gabun_area: "Северный Габон"
 south_gabun_area: "Южный Габон"
 west_kongo_area: "Западное Конго"
 kongo_area: "Конго"
 south_kongo_area: "Южное Конго"
 west_lunda_area: "Западная Лунда"
 viye_area: "Вийе"
 maligo_area: "Малиго"
 east_lunda_area: "Восточная Лунда"
 moshiko_area: "Мошико"
 kasongo_area: "Касонго"
 east_kongo_area: "Восточное Конго"
 central_africa_area: "Центральная Африка"
 #America
 #North America
 #Canada Region
 greenland_area: "Гренландия"
 greenland_sea_area: "Гренландское море"
 icelandic_coast_area: "Исландское побережье"
 northern_isles_sea_area: "Море Северных островов"
 quebec_area: "Квебек"
 laurentian_area: "Лаврентиды"
 lower_canada_area: "Нижняя Канада"
 jamesie_area: "Восточный залив Джеймс"
 nunavik_area: "Нунавик"
 labrador_area: "Лабрадор"
 newfoundland_area: "Ньюфаундленд"
 prince_edward_island_area: "Остров Принца Эдуарда"
 acadia_area: "Акадия"
 new_brunswick_area: "Нью-Брансуик"
 eastern_ontario_area: "Восточное Онтарио"
 western_ontario_area: "Западное Онтарио"
 northern_ontario_area: "Северное Онтарио"
 northwestern_ontario_area: "Северо-Западное Онтарио"
 greenstone_belt_area: "Нагорье Абитиби"
 keewatin_area: "Киватин"
 james_bay_lowlands_area: "Западный залив Джеймс"
 gulf_of_saint_lawrence_area: "Залив Святого Лаврентия"
 canadian_atlantic_coast_area: "Атлантическое побережье Канады"
 labrador_sea_area: "Море Лабрадор"
 hudson_bay_coast_area: "Побережье Гудзонова залива"
 western_greenland_sea_zones_area: "Западно-Гренландское море"
 eastern_greenland_sea_area: "Восточно-Гренландское море"
 hudson_bay_sea_zones_area: "Гудзонов залив"
 lousiana_sea_zones_area: "Луизианское море"
 great_lakes_sea_zones_area: "Великие озёра"
 #Caribbean Region
 cuba_area: "Куба"
 hispaniola_area: "Испаньола" #Quisqueya
 lesser_antilles_area: "Малые Антильские острова"
 #Central America Region
 panama_area: "Панама"
 #East Coast Region
 massachusetts_area: "Массачусетс"
 southern_new_england_area: "Южная Новая Англия"
 vermont_area: "Вермонт"
 new_hampshire_area: "Нью-Гэмпшир"
 maine_area: "Мэн"
 hudson_area: "Гудзон"
 haudenosaunee_area: "Хауденосауни"
 new_jersey_area: "Нью-Джерси"
 pennsylvania_area: "Пенсильвания"
 westsylvania_area: "Аллеганы"
 maryland_area: "Мэриленд"
 virginia_area: "Виргиния"
 west_virginia_area: "Западная Виргиния"
 north_carolina_area: "Северная Каролина"
 south_carolina_area: "Южная Каролина"
 georgia_us_area: "Грузия"
 florida_area: "Флорида"
 tennessee_area: "Теннесси"
 kentucky_area: "Кентукки"
 ohio_area: "Огайо"
 indiana_area: "Индиана"
 michigan_area: "Мичиган"
 illinois_area: "Иллинойс"
 wisconsin_area: "Висконсин"
 alabama_area: "Алабама"
 mississippi_area: "Миссисипи"
 #Louisiana Region
 louisiana_area: "Луизиана"
 arkansas_area: "Арканзас"
 missouri_area: "Миссури"
 iowa_area: "Айова"
 minnesota_area: "Миннесота"
 superior_area: "Озеро Верхнее"
 north_dakota_area: "Северная Дакота"
 south_dakota_area: "Южная Дакота"
 central_plains_area: "Центральные Великие равнины"
 natahende_area: "Натахенде"
 high_plains_area: "Высокие равнины"
 badlands_area: "Вайоминг"
 upper_missouri_area: "Верхнее Миссури"
 athabasca_area: "Атабаска"
 saskatchewan_area: "Саскачеван"
 keewatin_n_area: "Северный Киватин"
 red_river_area: "Красная река"
 mascarene_islands_area: "Маскаренские острова"
 #Mesoamerica
 mexihko_area: "Мешико"
 tlaxcala_area: "Тласкала"
 puebla_area: "Пуэбла"
 guanajuato_area: "Гуанахуато"
 oaxaca_area: "Оахака"
 veracruz_area: "Веракрус"
 huaxyacac_area: "Уашьякак"
 tochtepec_area: "Точтепек"
 michoacan_area: "Мичоакан"
 xilotepec_area: "Хилотепек"
 xalisco_area: "Халиско"
 aridoamerica_sea_zones_area: "Аридоамериканское море"
 janeiro_area: "Жанейро"
 mayaab_area: "Маяаб"
 chilapan_area: "Чилапан"
 puuk_area: "Пуук"
 chactemal_area: "Чактемаль"
 mesoamerica_sea_zones_area: "Мезоамериканское море"
 central_america_sea_zones_area: "Центральноамериканское море"
 peten_area: "Петен"
 tezulutlan_area: "Тесулутлан"
 kuskatan_area: "Кускатан"
 imabite_area: "Имабите"
 nekokiaw_area: "Некокиав"
 #Arido America
 zacatecas_area: "Тлакуитлапан"
 baja_area: "Нижняя Калифорния"
 tahejoc_area: "Ге-Каачк-Баашо"
 culiacan_area: "Кульякан"
 tamaulipeco_area: "Тамаулипеко"
 guachichil_area: "Гуачичиль"
 texas_area: "Техас"
 shiewhibak_area: "Али-Шон"
 #West Coast Region
 northwest_coast_area: "Северо-западное побережье"
 western_arctic_area: "Западная Арктика"
 alaxsxaq_area: "Алахсхах"
 yukon_area: "Юкон"
 alaska_sea_zones_area: "Аляскинское море"
 columbia_interior_area: "Внутренняя Колумбия"
 california_area: "Верхняя Калифорния"
 great_basin_area: "Большой Бассейн"
 rockies_area: "Скалистые горы"
 hawaii_area: "Гавайи"
 hawaii_sea_area: "Гавайское море"
 cascadia_area: "Каскадия"
 cascadia_sea_zones_area: "Западное побережье Америки"
 #South America
 #Brazil Region
 amazon_area: "Амазонка"
 tocantins_area: "Токантинс"
 mearim_area: "Меарин"
 paranaiba_area: "Паранаиба"
 jaguaribe_area: "Жагуариби"
 parapitinga_area: "Парапитинга"
 pindorama_area: "Пиндорама"
 parana_area: "Парана"
 paraguay_area: "Парагвай"
 guapore_area: "Гуапоре"
 uruguay_area: "Уругвай"
 #Colombia Region
 bogota_area: "Богота"
 #Andes Region
 andes_area: "Анды"
 quitu_area: "Киту"
 chala_area: "Чала"
 atacama_area: "Атакама"
 cuyo_area: "Куйо"
 yunga_area: "Юнга"
 puna_area: "Пуна"
 qullaw_area: "Кольяо"
 acamama_area: "Акамама"
 suni_area: "Суни"
 rupa_rupa_area: "Рупа-Рупа"
 galapagos_area: "Галапагосы"
 andes_sea_zones_area: "Андское море"
 #Chaco Region
 chaco_area: "Чако"
 la_plata_area: "Ла-Плата"
 ngulumapu_area: "Нгулумапу"
 juan_fernandez_area: "Хуан-Фернандес"
 mamore_area: "Маморе"
 paranena_area: "Параненья"
 ayoreo_area: "Айорео"
 moqoit_area: "Мокойт"
 pampa_area: "Пампа"
 puelmapu_area: "Пуэльмапу"
 patagonia_area: "Патагония"
 falklands_area: "Фолкленды"
 south_georgia_area: "Южная Георгия"
 rapa_nui_area: "Рапануи"
 #Asia
 #Central Asia
 #Khorasan Region
 badakhshan_area: "Бадахшан"
 desht_kipchak_area: "Дешт-и-Кипчак"
 eastern_khorasan_area: "Восточный Хорасан"
 khwarazm_area: "Хорезм"
 transoxiana_area: "Мавераннахр"
 western_khorasan_area: "Западный Хорасан"
 zhetysu_area: "Жетысу"
 caspian_sea_area: "Каспийское море"
 #East Asia
 #East China Region
 fujian_area: "Фуцзянь" #福建
 hunan_area: "Хунань" #湖南
 wuling_area: "Улин" #武陵
 hubei_area: "Хубэй" #湖北
 jiangxi_area: "Цзянси" #江西
 jiangnan_area: "Цзяннань" #江南
 huaidong_area: "Хуайдун" #淮东
 huaixi_area: "Хуайси" #淮西
 taiwan_area: "Тайвань" #台灣
 zhejiang_area: "Чжэцзян" #浙江
 east_china_coastline: "Восточное побережье Китая"
 #Japan Region
 ezo_area: "Эдзо" #蝦夷
 hokurikudou_area: "Хокурикудо" #北陸道
 kinai_area: "Кинай" #畿内
 nankaidou_area: "Нанкайдо" #南海道
 saikaidou_area: "Сайкайдо" #西海道
 sanindou_area: "Санъиндо" #山陰道
 sanyoudou_area: "Санъёдо" #山陽道
 ou_area: "Оу" #奥羽
 toukaidou_area: "Токайдо" #東海道
 tousandou_area: "Тосандо" #東山道
 ryuukyuu_area: "Рюкю" #琉球
 japan_coastline: "Побережье Японии"
 sea_of_japan_area: "Японское море"
 ryuukyuu_sea_area: "Рюкюское море"
 ezo_sea: "Эдзийское море"
 #Korea Region
 gwanseo_area: "Квансо"
 gwandong_area: "Квандон"
 yeongnam_area: "Йоннам"
 gyeonggi_area: "Кёнгидо"
 honam_area: "Хонам"
 haeseo_area: "Хэсо"
 hoseo_area: "Хосо"
 gwanbuk_area: "Кванбук"
 korea_western_coastline: "Западное побережье Кореи"
 korea_eastern_coastline: "Восточное побережье Кореи"
 #Manchuria Region
 liaodong_area: "Ляодун" #遼東
 lower_amur_area: "Низовья Амура"
 middle_amur_area: "Средний Амур"
 songhua_area: "Сунгари"
 songnen_area: "Суннэнь"
 ussuri_area: "Уссури"
 manchuria_coastline: "Побережье Маньчжурии"
 #Mongolia Region
 argun_area: "Аргун"
 eastern_gobi_area: "Восточная Гоби"
 lower_selenga_area: "Низовья Селенги"
 mongolian_great_lakes_area: "Монгольские Большие озёра"
 shilkari_area: "Шилкари"
 southern_gobi_area: "Южная Гоби"
 tuva_area: "Тува"
 upper_selenga_area: "Верхняя Селенга"
 western_gobi_area: "Западная Гоби"
 #North China Region
 beiping_area: "Бэйпин" #北平
 yannan_area: "Яньнань" #燕南
 yanbei_area: "Яньбэй" #燕北
 hebei_area: "Хэбэй" #河北
 henan_area: "Хэнань" #河南
 haiyou_area: "Хайю" #海右
 shandong_area: "Шаньдун" #山東
 datong_area: "Датун"
 shanxi_area: "Шаньси" #山西
 north_china_coastline: "Северное побережье Китая"
 #South China Region
 haibei_hainan_area: "Хайбэй-Хайнань" #海北海南
 guangdong_area: "Гуандун" #廣東
 liangjiang_area: "Лянцзян" #两江
 guangxi_area: "Гуанси" #廣西
 guizhou_area: "Гуйчжоу" #貴州
 dali_area: "Дали" #大理
 yunnan_area: "Юньнань" #雲南
 south_china_coastline: "Южное побережье Китая"
 #Tibet Region
 amdo_area: "Амдо"
 changtang_area: "Чангтанг"
 kham_area: "Кхам"
 ngari_area: "Нгари"
 tsang_area: "Цанг"
 u_area: "У"
 #West China Region
 gansu_area: "Ганьсу" #甘肃/甘肅
 hexi_area: "Хэси" #河西
 longyou_area: "Лунъю" #陇右
 shaanxi_area: "Шэньси" #陕西/陝西
 chuandong_area: "Чуаньдун" #川东
 chuannan_area: "Чуаньнань" #川南
 chuanxi_area: "Чуаньси" #川西
 #xinjiang Region
 dzungaria_area: "Джунгария"
 tarim_area: "Тарим"
 #Middle East
 #Anatolia Region
 armenian_highlands_area: "Армянское нагорье"
 cappadocia_area: "Каппадокия"
 central_anatolia_area: "Центральная Анатолия"
 cilicia_area: "Киликия"
 marmara_area: "Мармара"
 pontus_area: "Понт"
 west_anatolia_area: "Западная Анатолия"
 #Arabia Region
 bahrein_area: "Бахрейн"
 hedjaz_area: "Хиджаз"
 najd_area: "Неджд"
 oman_area: "Оман"
 hail_area: "Аль-Хаиль"
 north_yemen_area: "Северный Йемен"
 south_yemen_area: "Южный Йемен"
 arabian_area: "Аравийское море"
 red_sea_area: "Красное море"
 #Crescent Region
 iraq_arabi_area: "Арабский Ирак"
 jazira_area: "Джазира"
 levant_area: "Левант"
 #Persia Region
 azerbaijan_area: "Азербайджан"
 baluchistan_area: "Белуджистан"
 fars_area: "Фарс"
 iraq_ajam_area: "Персидский Ирак"
 kerman_area: "Керман"
 khuzestan_area: "Хузестан и Луристан"
 kordestan_area: "Курдистан"
 mazandaran_area: "Мазендеран"
 quhestan_area: "Кохистан"
 sistan_area: "Систан"
 oman_sea_zones_area: "Оманский залив"
 bengal_sea_zones_area: "Бенгальское море"
 western_india_sea_zones_area: "Западно-Индийское море"
 deccan_sea_zones_area: "Деканское море"
 #North Asia
 #West Siberia Region
 chimgi_tura_area: "Чинги-Тура"
 qashliq_area: "Кашлык"
 irkutsk_area: "Иркутск"
 surgut_area: "Сургут"
 mangazeya_area: "Мангазея"
 tomsk_area: "Томск"
 omsk_area: "Омск"
 kulykol_area: "Кулыколь"
 bursol_area: "Бурсоль"
 suzun_area: "Сузун"
 kansk_area: "Канск"
 bratsk_area: "Братск"
 angara_area: "Ангара"
 vitim_area: "Витим"
 anabyr_area: "Анабыр"
 yenisei_area: "Енисей"
 #East Siberia Region
 chukchee_area: "Чукотка"
 anadyr_area: "Анадырь"
 kamchatka_area: "Камчатка"
 chuvan_area: "Чуван"
 kolyma_area: "Колыма"
 yandin_area: "Яндин"
 indigirka_area: "Индигирка"
 okhotsk_coast_area: "Побережье Охотского моря"
 east_stanovoi_area: "Восточный Становой хребет"
 west_stanovoi_area: "Западный Становой хребет"
 amga_area: "Амга"
 yakutia_area: "Якутия"
 lower_lena_area: "Низовья Лены"
 middle_lena_area: "Средняя Лена"
 upper_lena_area: "Верхняя Лена"
 onoid_area: "Ононди"
 laptev_coast_area: "Побережье Сибирского моря"
 siberian_lakes_area: "Сибирские озёра"
 yakutsk_sea_area: "Якутское море"
 #West Siberia Region
 #South Asia
 #Bengal Region
 assam_area: "Ассам"
 bengal_area: "Бенгалия"
 hill_area: "Горы Зо"
 jharkhand_area: "Джаркханд"
 mithila_area: "Митхила и Магадх"
 monyul_area: "Монъюл"
 nepal_area: "Непал"
 chota_nagpur_area: "Чхота-Нагпур"
 orissa_area: "Орисса"
 #Deccan Region
 andhra_area: "Андхра"
 awadh_area: "Ауд"
 bhojpur_area: "Бходжпур"
 gondwana_area: "Гондвана"
 karnakassala_area: "Карнакассала"
 konkan_area: "Конкан"
 sailan_area: "Сайлан"
 maharashtra_area: "Махараштра"
 malabar_area: "Малабар"
 rokhilkhand_area: "Рохилкханд"
 tamil_land_area: "Тамилнад"
 telingana_area: "Телингана"
 vidarbha_area: "Видарбха"
 maldives_area: "Мальдивы"
 #Western India Region
 gujarat_area: "Гуджарат"
 malwa_area: "Малва"
 rajputana_area: "Раджпутана"
 saurashtra_area: "Саураштра"
 #Hindustan Region
 upper_indus_area: "Верхний Инд"
 sindh_area: "Синд"
 doab_area: "Доаб"
 punjab_area: "Пенджаб"
 #Southeast Asia
 #Indochina Region
 arakhan_area: "Аракан"
 champa_area: "Чампа"
 chao_phraya_area: "Чаупхрая"
 irrawady_area: "Иравади"
 irrawady_delta_area: "Дельта Иравади"
 kachin_area: "Качин"
 khorat_plateau_area: "Плато Корат"
 lower_mekong_area: "Низовья Меконга"
 malay_peninsula_area: "Малайский полуостров"
 northern_tai_highland_area: "Северно-Таиландское нагорье"
 red_river_delta_area: "Дельта Красной реки"
 shan_highland_area: "Шанское нагорье"
 southeast_asian_coasts_area: "Юго-восточноазиатское побережье"
 #Indonesia Region
 north_borneo_area: "Северное Борнео"
 south_borneo_area: "Южное Борнео"
 celebes_area: "Целебес"
 java_area: "Ява"
 lesser_sunda_area: "Малая Сунда"
 moluccas_area: "Молуккские острова"
 luzon_area: "Лусон"
 visayas_area: "Висайские острова"
 mindanao_area: "Минданао"
 north_sumatra_area: "Северная Суматра"
 south_sumatra_area: "Южная Суматра"
 indonesia_coasts_area: "Побережье Индонезии"
 #Europe
 #Eastern Europe
 #Balkan Region
 aegean_archipelago_area: "Эгейские острова"
 bosnia_area: "Босния"
 bulgaria_area: "Болгария"
 croatia_area: "Хорватия"
 macedonia_area: "Македония"
 morea_area: "Морея"
 northern_greece_area: "Северная Греция"
 serbia_area: "Сербия"
 silistria_area: "Силистрия"
 slavonia_area: "Славония"
 slovenia_area: "Крайна"
 thrace_area: "Фракия"
 #Carpathia Region
 north_alfold_area: "Северный Альфёльд"
 south_alfold_area: "Южный Альфёльд"
 transdanubia_area: "Задунайский край"
 moldavia_area: "Молдавия"
 slovakia_area: "Словакия"
 transylvania_area: "Трансильвания"
 wallachia_area: "Валахия"
 #Caucasus Region
 armenia_area: "Армения"
 georgia_area: "Грузия"
 northern_caucasus_area: "Северный Кавказ"
 shirvan_area: "Ширван"
 #Poland Region
 central_poland_area: "Центральная Польша"
 greater_poland_area: "Великая Польша"
 lesser_poland_area: "Малая Польша"
 lithuania_area: "Литва"
 mazovia_area: "Мазовия"
 prussia_area: "Пруссия"
 samogitia_area: "Самогития"
 #Russia Region
 moscow_area: "Москва"
 smolensk_area: "Смоленск"
 oka_area: "Ока"
 sloboda_ukraine_area: "Слобожанщина"
 ryazan_area: "Рязань"
 west_novgorod_area: "Западная Новгородчина"
 east_novgorod_area: "Восточная Новгородчина"
 tambov_area: "Тамбов"
 samara_area: "Самара"
 nizhny_novgorod_area: "Нижний Новгород"
 suzdal_area: "Суздаль"
 vladimir_area: "Владимир"
 tver_area: "Тверь"
 yaroslavl_area: "Ярославль"
 beloozero_area: "Белоозеро"
 totma_area: "Тотьма"
 #Ruthenia Region
 black_ruthenia_area: "Чёрная Русь"
 left_bank_ukraine_area: "Левобережная Украина"
 podolia_area: "Подолье"
 polesia_area: "Полесье"
 red_ruthenia_area: "Червонная Русь"
 right_bank_ukraine_area: "Правобережная Украина"
 severia_area: "Северщина"
 volhynia_area: "Волынь"
 white_ruthenia_area: "Белая Русь"
 #Steppes Region
 crimea_area: "Крым"
 matrega_area: "Матрега"
 yedisan_area: "Едисан"
 zaporizhzhia_area: "Запорожье"
 pryazovia_area: "Приазовье"
 azov_area: "Азов"
 lower_don_area: "Низовья Дона"
 astrakhan_area: "Астрахань"
 majar_area: "Маджар"
 lower_yik_area: "Нижний Йик"
 samar_area: "Самар"
 kursk_area: "Курщина"
 #Ural Region
 kazan_area: "Казань"
 vyatka_area: "Вятка"
 bolghar_area: "Булгар"
 bashkiria_area: "Башкирия"
 karagay_area: "Карагай"
 perm_area: "Пермь"
 ust_sysola_area: "Усть-Сысола"
 vorkuta_area: "Воркута"
 ural_area: "Урал"
 #White Sea Region
 pomorye_area: "Поморье"
 arkhangelsk_area: "Архангельск"
 karelia_area: "Карелия"
 kola_area: "Кола"
 russian_coastline: "Русское побережье"
 #Western Europe
 #France Region
 alsace_area: "Эльзас"
 alsace_area_ADJ: "Эльзасск"
 anjou_area: "Анжу"
 anjou_area_ADJ: "Анжуйск"
 auvergne_area: "Овернь"
 brittany_area: "Бретань"
 brittany_area_ADJ: "Бретонск"
 burgundy_area: "Бургундия"
 burgundy_area_ADJ: "Бургундск"
 champagne_area: "Шампань"
 champagne_area_ADJ: "Шампанск"
 franche_comte_area: "Франш-Конте"
 franche_comte_area_ADJ: "Франко-контийск"
 gascony_area: "Гасконь"
 gascony_area_ADJ: "Гасконск"
 guyenne_area: "Гиень"
 guyenne_area_ADJ: "Гиенск"
 ile_de_france_area: "Иль-де-Франс"
 ile_de_france_area_ADJ: "Франсийск"
 lorraine_area: "Лотарингия"
 lorraine_area_ADJ: "Лотарингск"
 lyonnais_area: "Лионне"
 normandy_area: "Нормандия"
 normandy_area_ADJ: "Нормандск"
 orleanais_area: "Орлеане"
 orleanais_area_ADJ: "Орлеанск"
 picardy_area: "Пикардия"
 picardy_area_ADJ: "Пикардийск"
 poitou_area: "Пуату"
 poitou_area_ADJ: "Пуатевинск"
 provence_area: "Прованс"
 provence_area_ADJ: "Провансальск"
 savoy_area: "Савойя и Дофине"
 savoy_area_ADJ: "Савойск"
 languedoc_area: "Лангедок"
 languedoc_area_ADJ: "Лангедокск"
 #Great Britain Region
 east_anglia_area: "Восточная Англия"
 home_counties_area: "Центральные графства"
 midlands_area: "Мерсия"
 northumbria_area: "Нортумбрия"
 scottish_highlands_area: "Хайленд"
 hebrides_area: "Гебриды"
 hebrides_area_ADJ: "Гебридск"
 scottish_lowlands_area: "Лоуленд"
 wales_area: "Уэльс"
 northern_isles_area: "Северные острова"
 west_country_area: "Уэст-Кантри"
 #Iberia Region
 andalusia_area: "Андалусия"
 andalusia_area_ADJ: "Андалусск"
 aragon_area: "Арагон"
 aragon_area_ADJ: "Арагонск"
 balearics_area: "Балеарские острова"
 balearics_area_ADJ: "Балеарск"
 castile_area: "Кастилия"
 castile_area_ADJ: "Кастильск"
 catalonia_area: "Каталония"
 catalonia_area_ADJ: "Каталонск"
 granada_area: "Гранада"
 granada_area_ADJ: "Гранадск"
 extremadura_area: "Эстремадура"
 extremadura_area_ADJ: "Эстремадурск"
 galicia_area: "Галисия"
 galicia_area_ADJ: "Галисийск"
 leon_area: "Леон"
 leon_area_ADJ: "Леонск"
 murcia_area: "Мурсия"
 navarre_area: "Наварра"
 navarre_area_ADJ: "Наваррск"
 north_portugal_area: "Северная Португалия"
 north_portugal_area_ADJ: "Северопортугальск"
 south_portugal_area: "Южная Португалия"
 south_portugal_area_ADJ: "Южнопортугальск"
 toledo_area: "Толедо"
 toledo_area_ADJ: "Толедск"
 valencia_area: "Валенсия"
 valencia_area_ADJ: "Валенсийск"
 #Ireland Region
 connaught_area: "Коннахт"
 leinster_area: "Ленстер"
 munster_area: "Манстер"
 ulster_area: "Ольстер"
 #Italy Region
 abruzzo_area: "Абруцци"
 apulia_area: "Апулия"
 basilicata_area: "Базиликата и Калабрия"
 campania_area: "Кампания и Принчипато"
 emilia_area: "Эмилия и Романья"
 lazio_area: "Лацио"
 liguria_area: "Лигурия и Корсика"
 lombardy_area: "Ломбардия"
 marche_area: "Марке и Умбрия"
 piemonte_area: "Пьемонт"
 sardinia_area: "Сардиния"
 sicily_area: "Сицилия"
 tuscany_area: "Тоскана"
 veneto_area: "Венето и Фриули"
 #Scandinavia Region
 denmark_area: "Дания"
 gotaland_area: "Гёталанд"
 iceland_area: "Исландия"
 nord_norge_area: "Северная Норвегия"
 skaneland_area: "Скания"
 svealand_area: "Свеаланд"
 syd_norge_area: "Южная Норвегия"
 scandinavian_sea_zones_area: "Скандинавское побережье"
 #North Germany Region
 brabant_area: "Брабант"
 flanders_area: "Фландрия"
 friesland_area: "Фрисландия"
 holland_area: "Голландия"
 wallonia_area: "Валлония"
 brandenburg_area: "Бранденбург"
 mecklenburg_area: "Мекленбург"
 #South Germany Region
 austria_area: "Нижняя Австрия"
 rhineland_area: "Рейнская область"
 hesse_area: "Гессен"
 westphalia_area: "Вестфалия"
 lower_saxony_area: "Нижняя Саксония"
 upper_saxony_area: "Верхняя Саксония"
 pomerania_area: "Померания"
 holstein_area: "Гольштейн"
 upper_austria_area: "Верхняя Австрия"
 salzburg_area: "Зальцбург"
 styria_area: "Штирия"
 carinthia_area: "Каринтия"
 central_switzerland_area: "Швейцария"
 eastern_switzerland_area: "Реция"
 western_switzerland_area: "Романдия"
 bohemia_area: "Богемия"
 moravia_area: "Моравия"
 silesia_area: "Силезия"
 upper_rhine_area: "Верхний Рейн"
 swabia_area: "Швабия"
 bavaria_area: "Бавария"
 franconia_area: "Франкония"
 tirol_area: "Тироль и Трентино"
 #Oceania
 #Australia
 #Australia Region
 eastern_australia_area: "Восточная Австралия"
 #Papua
 eastern_australia_sea_zones_area: "Восточно-Австралийское море"
 micronesia_area: "Микронезия"
 melanesia_area: "Меланезия"
 solomon_islands_area: "Соломоновы острова"
 solomon_islands_coastal_sea_zones_area: "Прибрежные воды Соломоновых островов"
 bismarck_area: "Бисмарк"
 momase_area: "Момасе"
 kerema_area: "Керема"
 milne_area: "Милн"
 wanin_area: "Ванин"
 papua_area: "Папуа"
 anim_ha_area: "Аним-Ха"
 papua_sea_zones_area: "Папуанское море"
 polynesia_area: "Полинезия"
 #Polynesia
 #New Zealand Region
 rekohu_area: "Рекоху"
 lord_howe_area: "Остров Лорд-Хау"
 norfolk_nz_area: "Остров Норфолк"
 motu_maha_area: "Моту-Маха"
 new_zealand_sea_zones_area: "Новозеландское море"
 rapa_nui_sea_zones_area: "Рапануйское море"
 papahanaumokuakea_area: "Папаханаумокуакеа"
 hawaii_sea_zones_area: "Гавайское море"
 aono_raina_area: "Аоно-Раина"
 aono_raina_sea_zones_area: "Море Аоно-Раина"
 kuki_airani_area: "Куки-Аирани"
 kuki_airani_sea_zones_area: "Море Куки-Аирани"
 tuhaa_pae_area: "Тубуаи"
 tuhaa_pae_sea_zones_area: "Тубуайское море"
 te_henua_enana_area: "Те-Хенуа-Энана"
 te_henua_enana_sea_zones_area: "Море Те-Хенуа-Энана"
 tuamotu_area: "Туамоту"
 raeffsky_area: "Тепото"
 palliser_area: "Пализер"
 tuamotu_sea_zones_area: "Туамотуанское море"
 totaiete_ma_area: "Тотаиэте-Ма"
 totaiete_ma_sea_zones_area: "Море Тотаиэте-Ма"
 pitcairn_area: "Питкэрн"
 pitcairn_sea_zones_area: "Питкэрнское море"
 rawaki_area: "Раваки"
 rawaki_sea_zones_area: "Равакийское море"
 tokelau_area: "Токелау"
 tokelau_sea_zones_area: "Токелауанское море"
 niue_area: "Ниуэ"
 niue_sea_zones_area: "Ниуэнское море"
 tuvalu_area: "Тувалу"
 tuvalu_sea_zones_area: "Тувалуанское море"
 futuna_area: "Футуна"
 tonga_area: "Тонга"
 tonga_sea_zones_area: "Тонганское море"
 samoa_area: "Самоа"
 samoa_sea_zones_area: "Самоанское море"
 nanpo_area: "Нампо"
 nanpo_sea_zones_area: "Море Нампо"
 marianas_area: "Марианские острова"
 marianas_sea_zones_area: "Марианское море"
 ratak_area: "Ратак"
 ralik_area: "Ралик"
 majel_sea_zones_area: "Маджельское море"
 belau_area: "Белау"
 belau_sea_zones_area: "Белауанское море"
 chuuk_area: "Чуук"
 chuuk_sea_zones_area: "Чуукское море"
 tungaru_area: "Тунгару"
 tungaru_sea_zones_area: "Море Тунгару"
 tinputz_area: "Тинпуц"
 bougainville_area: "Бугенвиль"
 mu_ngava_area: "Му-Нгава"
 solomon_islands_sea_zones_area: "Море Соломоновых островов"
 temotu_area: "Темоту"
 temotu_sea_zones_area: "Море Темоту"
 vanuatu_area: "Вануату"
 vanuatu_sea_zones_area: "Море Вануату"
 fiji_area: "Фиджи"
 fiji_sea_zones_area: "Фиджийское море"
 kanaky_area: "Канакь"
 kanaky_sea_zones_area: "Канакское море"
 nauru_area: "Науру"
 nauru_sea_zones_area: "Науруанское море"
 #Ocean Continent
 #Ocean Subcontinent
 #Ocean Region
 atlantic_canada_area: "Атлантическая Канада"
 black_sea_area: "Чёрное море"
 caribbean_sea_area: "Карибское море"
 alboran_sea_area: "Альборанское море"
 tyrrhenian_sea: "Тирренское море"
 adriatic_sea_area: "Адриатическое море"
 ionian_sea_area: "Ионическое море"
 aegean_sea_area: "Эгейское море"
 albania_area: "Албания"
 levantine_sea_area: "Левантийское море"
 libyan_sea_area: "Ливийское море"
 central_mediterranean_sea_area: "Центральное Средиземноморье"
 iberian_west_coast_area: "Западно-Иберийское побережье"
 southeast_baltic_sea: "Юго-Восточнобалтийское море"
 western_mediterranean_sea_area: "Западное Средиземноморье"
 atlantic_west_spitzbergen_area: "Атлантическое Западно-Шпицбергенское течение"
 atlantic_irminger_area: "Течение Ирмингера"
 atlantic_labrador_area: "Лабрадорское течение"
 atlantic_gulf_stream_area: "Гольфстрим"
 atlantic_north_atlantic_current_area: "Северо-Атлантическое течение"
 atlantic_azores_stream_area: "Азорское течение"
 azores_sea_area: "Азорское море"
 bay_of_biscay_area: "Бискайский залив"
 atlantic_north_equatorial_area: "Атлантическое северное пассатное течение"
 atlantic_equatorial_countercurrent_area: "Атлантическое межпассатное противотечение"
 atlantic_south_equatorial_area: "Атлантическое южное пассатное течение"
 atlantic_saint_helena_area: "Течение Святой Елены"
 atlantic_saint_helena_sea_area: "Течение Святой Елены"
 atlantic_south_area: "Южно-Атлантическое течение"
 indian_horn_area: "Течение мыса Горн"
 indian_andaman_area: "Андаманское течение"
 indian_monsoon_area: "Муссонное течение"
 indian_equatorial_countercurrent_area: "Индийское межпассатное противотечение"
 indian_south_equatorial_area: "Индийское южное пассатное течение"
 indian_south_area: "Южно-Индийское течение"
 indian_austral_area: "Австралийское течение"
 indian_north_agulhas_area: "Северное течение мыса Агульяс"
 pacific_north_area: "Северо-Тихоокеанское течение"
 pacific_north_equatorial_area: "Тихоокеанское северное пассатное течение"
 pacific_hawaii_area: "Гавайское течение"
 pacific_kuro_area: "Течение Куро"
 pacific_south_equatorial_area: "Тихоокеанское южное пассатное течение"
 pacific_easter_equatorial_area: "Течение острова Пасхи"
 pacific_equatorial_countercurrent_area: "Тихоокеанское межпассатное противотечение"
 pacific_polynesia_area: "Полинезийское течение"
 pacific_south_area: "Южно-Тихоокеанское течение"
 pacific_tasmania_area: "Тасманийское течение"
 antarctic_ocean_area: "Южный Ледовитый океан"
 mozambique_channel_area: "Мозамбикский пролив"
 cape_sea_zones: "Море Мыса Доброй Надежды"
 bengal_bay_area: "Бенгальский залив"
 timor_sea_area: "Тиморское море"
 tristan_da_cunha_area: "Острова Тристан-да-Кунья"
 tristan_da_cunha_sea_zones_area: "Море Тристан-да-Кунья"
 bouvet_area: "Буве"
 #Australians
 western_australia_high_sea_zones_area: "Западно-Австралийское море"
 northern_australia_high_sea_zones_area: "Северно-Австралийское море"
 eastern_australia_high_sea_zones_area: "Восточно-Австралийское море"
 southern_australia_high_sea_zones_area: "Южно-Австралийское море"
 southwestern_australia_area: "Юго-Западная Австралия"
 northwestern_australia_area: "Северо-Западная Австралия"
 australian_northern_territory_area: "Северная Территория"
 australian_yalanji_area: "Яланьи"
 southeastern_australia_area: "Юго-Восточная Австралия"
 south_australia_area: "Южная Австралия"
 #unsorted
 bermuda_province: "Бермудские острова"
 bermuda_area: "Бермудские острова"
 gulf_of_mexico_area: "Мексиканский залив"
 west_greenland_sea_area: "Западное побережье Гренландии"
 east_greenland_sea_area: "Восточное побережье Гренландии"
 coast_of_portugal_province: "Побережье Португалии"
 azores_province: "Азорские острова"
 madeira_province: "Мадейра"
 canary_island_coast: "Побережье Канарских островов"
 coast_of_morocco: "Марокканское побережье"
 sahel_coast_province: "Побережье Сахеля"
 bahamans_sea_zone: "Побережье Лукайского архипелага"
 atlantic_sea_area: "Саргассово море"
 madeira_sea_area: "Мадейрское море"
 azores_area: "Азорские острова"
 canary_islands_area: "Канарские острова"
 south_macaronesia_area: "Южная Макаронезия"
 #temporary ones
 nw_africa_coast_area: "Побережье Северо-Западной Африки"
