l_english:
 adony.german_language: "Adam"
 aiud.german_language: "Straßburg am Mieresch"
 aizkraukle.german_language: "Ascheraden" 
 alba_iulia.german_language: "Weißenburg"
 aluksne.german_language: "Marienburg" 
 anecho.german_language: "Kleinpopo"
 babimost.german_language: "Bomst" 
 baia_de_aries.german_language: "Offenburg"
 baia_mare.german_language: "Frauenbach"
 baja_hungary.german_language: "Frankenstadt"
 balassagyarmat.german_language: "Jahrmarkt"
 bardejov.german_language: "Bartfeld"
 bauska.german_language: "Bauske" 
 bechyne.german_language: "Bechin"
 benesov.german_language: "Beneschau"
 beregovo.german_language: "Bergsaß"
 beroun.german_language: "Beraun"
 bialobork.german_language: "Baldenburg" 
 bialogard.german_language: "Belgard" 
 bienne.german_language: "Biel"
 bielsko.german_language: "Bielitz" 
 bistrita.german_language: "Bistritz"
 bled.german_language: "Veldes"
 bobolice.german_language: "Bublitz" 
 boleslawiec.german_language: "Bunzlau" 
 bolzano.german_language: "Bozen" 
 brasov.german_language: "Kronstadt"
 bratislava.german_language: "Preßburg"
 brodnica.german_language: "Strasburg an der Drewenz"
 brunswick.german_language: "Braunschweig" 
 brzeg.german_language: "Brieg" 
 brzeznica.german_language: "Brzeznica" 
 buda.german_language: "Ofen"
 budejovice.german_language: "Budweis"
 buk.german_language: "Buck" 
 bydgoszcz.german_language: "Bromberg" 
 bytom.german_language: "Beuthen" 
 bytow.german_language: "Bütow" 
 caransebes.german_language: "Karansebesch"
 carei.german_language: "Großkarol"
 caslav.german_language: "Caßlau"
 cavalese.german_language: "Gablöss" 
 celje.german_language: "Cilli"
 cesis.german_language: "Wenden" 
 cetatea_balta.german_language: "Kokelburg"
 cheb.german_language: "Eger"
 chelmno.german_language: "Kulm" 
 chezdi_osorheiu.german_language: "Szekler Neumarkt"
 chodziez.german_language: "Chodziesen" 
 chojna.german_language: "Konigsberg in der Neumark" 
 choszczno.german_language: "Arnswalde" 
 ciechanow.german_language: "Zechenau" 
 cincu.german_language: "Großschenk"
 cles.german_language: "Glöß" 
 cluj.german_language: "Klausenburg"
 cologne.german_language: "Köln" #Written with C after the 1500s until 1815 and then again from 1857 to 1919.
 covasna.german_language: "Kowasna"
 crasna.german_language: "Krassmarkt"
 csanad.german_language: "Tschanad"
 cuhea.german_language: "Konyhau"
 czaplinek.german_language: "Tempelburg" 
 czarnkow.german_language: "Czarnikau" 
 czlopa.german_language: "Schloppe" 
 czluchow.german_language: "Schlochau" 
 dabaca.german_language: "Dobeschdorf"
 daugavpils.german_language: "Dunaburg"
 decin.german_language: "Tetschen"
 dej.german_language: "Desch"
 delemont.german_language: "Delsberg"
 deva.german_language: "Diemrich"
 dobele.german_language: "Doblen" 
 dobrzyn.german_language: "Dobrin" 
 domazlice.german_language: "Taus"
 drawsko.german_language: "Dramburg" 
 dundaga.german_language: "Dondagen" 
 durbe.german_language: "Durben" 
 dzierzgon.german_language: "Christburg" 
 elblag.german_language: "Elbing" 
 elk.german_language: "Lyck" 
 fagaras.german_language: "Fogarasch"
 fehervar.german_language: "Stuhlweißenburg"
 felegyhaza.german_language: "Feulegaß"
 felvint.german_language: "Oberwinz"
 frombork.german_language: "Frauenburg" 
 frydlant.german_language: "Friedland"
 fryvaldov.german_language: "Freiwaldau" 
 gabin.german_language: "Gombin" 
 gdansk.german_language: "Danzig" 
 gemer.german_language: "Gömer"
 geneve.german_language: "Genf"
 giessen.german_language: "Gießen"
 glogow.german_language: "Glogau" 
 glubczyce.german_language: "Leobschütz" 
 gniew.german_language: "Mewe" 
 gniezno.german_language: "Gnesen" 
 goleniow.german_language: "Gollnow" 
 gora.german_language: "Guhrau" 
 gorizia.german_language: "Görz"
 gorzow.german_language: "Landsberg an der Warthe" 
 grobina.german_language: "Grobin" 
 grodkow.german_language: "Grottkau" 
 grodzisk_wielkopolski.german_language: "Grätz" 
 grudziadz.german_language: "Graudenz" 
 gruyere.german_language: "Greyerz" 
 gryfia_gora.german_language: "Greifenberg" 
 gryfow.german_language: "Greifenhagen" 
 gulbene.german_language: "Schwanenburg" 
 gurghiu.german_language: "Görgen"
 haapsalu.german_language: "Hapsal"
 halas.german_language: "Hallasch"
 hannover.german_language: "Hannover"
 hameln.german_language: "Hameln"
 hassfurt.german_language: "Haßfurt"
 hateg.german_language: "Wallenthal"
 hlohovec.german_language: "Freistadl an der Waag"
 hlucin.german_language: "Hultschin" 
 hodod.german_language: "Kriegsdorf"
 holic.german_language: "Holitsch"
 hradec_kralove.german_language: "Königgrätz"
 huedin.german_language: "Heynod"
 hulagan.german_language: "Grand-Popo"
 hunedoara.german_language: "Eisenmarkt"
 husinec.german_language: "Hussinetz"
 ilirska_bistrica.german_language: "Feistritz" 
 ineu.german_language: "Jenopol"
 inowroclaw.german_language: "Inowrazlaw" 
 j_hradec.german_language: "Neuhaus"
 jachymov.german_language: "Joachimsthal"
 jawor.german_language: "Jauer" 
 jekabpils.german_language: "Kreutzburg" 
 jelgava.german_language: "Mitau"
 jicin.german_language: "Jitschin"
 kaina.german_language: "Keinis"
 kalisz.german_language: "Kalisch" 
 kamien.german_language: "Kammin" 
 kamienna_gora.german_language: "Landeshut" 
 kandava.german_language: "Kandau" 
 kaposvar.german_language: "Kopisch"
 kapuvar.german_language: "Kobrunn"
 karksi.german_language: "Karkus" 
 khust.german_language: "Chust"
 klatovy.german_language: "Klattau"
 klodzko.german_language: "Glatz"
 kluczbork.german_language: "Kreuzburg" 
 kocevje.german_language: "Gottschee"
 koknese.german_language: "Kokenhusen" 
 kolo.german_language: "Kolo" 
 kolobrzeg.german_language: "Kolberg" 
 kormend.german_language: "Kirment"
 koscian.german_language: "Kosten" 
 koscierzyna.german_language: "Berent" 
 kosice.german_language: "Kaschau"
 koszalin.german_language: "Köslin" 
 kourim.german_language: "Kaurzim"
 kozle.german_language: "Cosel" 
 kozmin.german_language: "Horle" 
 kozuchow.german_language: "Freystadt" 
 kranj.german_language: "Krainburg" 
 kraslava.german_language: "Kreslau"
 kremnica.german_language: "Kremnitz"
 krnov.german_language: "Jägerndorf" 
 krosno_odrzanskie.german_language: "Crossen an der Oder" 
 krumlov.german_language: "Krumau"
 krupina.german_language: "Karpfen"
 kuldiga.german_language: "Goldingen" 
 kuressaare.german_language: "Arensburg" 
 kutna_hora.german_language: "Kuttenberg"
 kwidzyn.german_language: "Marienwerder" 
 lad_konin.german_language: "Lond" 
 lasko.german_language: "Tüffer" 
 lebork.german_language: "Lauenburg in Pommern" 
 legnica.german_language: "Liegnitz" 
 lidzbark.german_language: "Heilsberg" 
 lihula.german_language: "Leal"
 limbazi.german_language: "Lemsal" 
 lipno.german_language: "Leipe" 
 lipova.german_language: "Lippa"
 liptovsky_mikulas.german_language: "Liptau-Sankt-Nikolaus"
 litomerice.german_language: "Leitmeritz"
 litomysl.german_language: "Leitomischl"
 ljubljana.german_language: "Laibach" 
 loket.german_language: "Elbogen"
 lomza.german_language: "Lumbsee" 
 lubawa.german_language: "Löbau" 
 lubica.german_language: "Leibitz"
 lubliniec.german_language: "Lublinitz" 
 lugoj.german_language: "Lugosch"
 lucerne.german_language: "Luzern"
 mako.german_language: "Makowa"
 makonkalns.german_language: "Wolkenburg" 
 malbork.german_language: "Marienburg" 
 maribor.german_language: "Marburg"
 medias.german_language: "Mediasch"
 meissen.german_language: "Meißen"
 merano.german_language: "Meran" 
 metlika.german_language: "Möttling" 
 miastko.german_language: "Rummelsburg in Pommern" 
 miedzyrzecz.german_language: "Meseritz" 
 miercurea_cluc.german_language: "Szeklerburg" 
 mihalt.german_language: "Michelsdorf"
 milicz.german_language: "Militsch" 
 mirochowo.german_language: "Mirchau" 
 miskolc.german_language: "Mischkolz"
 mlada_boleslav.german_language: "Jungbunzlau"
 mohacs.german_language: "Mohatsch"
 morag.german_language: "Mohrungen" 
 most.german_language: "Brüx"
 mukachevo.german_language: "Munkatsch"
 munich.german_language: "München"
 nachod.german_language: "Nachod"
 nagykanizsa.german_language: "Kanischa"
 naklo.german_language: "Nakel an der Netze" 
 namyslow.german_language: "Namslau" 
 narva.german_language: "Narwa" 
 nemecky_brod.german_language: "Deutschbrod"
 nibork.german_language: "Neidenburg" 
 niemcza.german_language: "Nimptsch" 
 niemodlin.german_language: "Falkenberg" 
 nitra.german_language: "Neutra"
 neuchatel.german_language: "Neuenburg"
 neuss.german_language: "Neuß"
 nograd.german_language: "Neuburg"
 novo_mesto.german_language: "Rudolfswerth"
 nowe.german_language: "Neuenburg in Westpreußen" 
 nowogard.german_language: "Naugard" 
 nowoszczecin.german_language: "Neustettin"
 nuremberg.german_language: "Nürnberg"
 nysa.german_language: "Neysse" 
 oborniki.german_language: "Obornik" 
 odorhei.german_language: "Odorhellen"
 olawa.german_language: "Ohlau" 
 olesnica.german_language: "Öls" 
 olesno.german_language: "Rosenberg" 
 olsnica.german_language: "Olsnitz"
 olsztyn.german_language: "Allenstein" 
 opava.german_language: "Troppau" 
 opole.german_language: "Oppeln" 
 oradea.german_language: "Großwardein"
 oravsky_podzamok.german_language: "Arwa"
 ostroda.german_language: "Osterode" 
 ostroleka.german_language: "Ostrolenka" 
 ostrow_wielkopolski.german_language: "Ostrowo" 
 ostrzeszow.german_language: "Schildberg" 
 oswiecim.german_language: "Auschwitz"
 padise.german_language: "Padis"
 paide.german_language: "Weißenstein"
 papa.german_language: "Poppa"
 parnu.german_language: "Pernau" 
 pazin.german_language: "Mitterburg" 
 petrovaradin.german_language: "Peterwardein"
 piltene.german_language: "Pilten" 
 piotrkow_trybunalski.german_language: "Petrikau" 
 pisek.german_language: "Pisek"
 pleszew.german_language: "Pleschen" 
 plock.german_language: "Plotz" 
 plonsk.german_language: "Plöhnen" 
 plzen.german_language: "Pilsen"
 podebrady.german_language: "Podiebrad"
 podmuran.german_language: "Untermuran"
 poltsamaa.german_language: "Oberpahlen" 
 postojna.german_language: "Adelsberg"
 povazska_bystrica.german_language: "Waagbistritz"
 poznan.german_language: "Breslau" 
 prachen.german_language: "Prachin"
 prague.german_language: "Prag"
 presov.german_language: "Eperies"
 prievidza.german_language: "Priwitz"
 prudnik.german_language: "Neustadt" 
 przasnysz.german_language: "Pezaßnitz" 
 pszczyna.german_language: "Pleß" 
 ptuj.german_language: "Pettau" 
 puck.german_language: "Putzig" 
 pyrzyce.german_language: "Pyritz" 
 pyzdry.german_language: "Peysern" 
 raciborz.german_language: "Ratibor" 
 radziejow.german_language: "Radeow" 
 rakhiv.german_language: "Rachiw"
 rakovnik.german_language: "Rakonitz"
 rakvere.german_language: "Wesenberg" 
 rapla.german_language: "Rappel"
 rauna.german_language: "Ronneburg"
 rawicz.german_language: "Rawitsch" 
 recas.german_language: "Rekasch"
 reghin.german_language: "Regen"
 resko.german_language: "Regenwalde" 
 rezekne.german_language: "Rositten" 
 rimavska_sobota.german_language: "Großsteffelsdorf"
 riva.german_language: "Reiff" 
 rovereto.german_language: "Rofreit"
 rozan.german_language: "Rozan" 
 roznava.german_language: "Rosenau"
 rychbach.german_language: "Reichenbach" 
 ryn_poland.german_language: "Rhein" 
 rypin.german_language: "Rippin" 
 saarde.german_language: "Saarahof"
 salaspils.german_language: "Kircholm"
 saldus.german_language: "Frauenburg"
 salgotarjan.german_language: "Schalgau"
 samorin.german_language: "Sommerein"
 santok.german_language: "Zantoch" 
 satoraljaujhely.german_language: "Neustadt am Zeltberg"
 schesslitz.german_language: "Scheßlitz"
 sebes.german_language: "Mühlbach"
 selpils.german_language: "Selburg" 
 semlacu_mare.german_language: "Großschemlack"
 sfantu_gheorghe.german_language: "Sankt Georgen"
 sibiu.german_language: "Hermannstadt"
 sic.german_language: "Secken"
 sierpc.german_language: "Scheps" 
 sighet.german_language: "Siget"
 sighisoara.german_language: "Schäßburg"
 sigulda.german_language: "Segewold" 
 silandro.german_language: "Schlanders"
 simontornya.german_language: "Simonsturm"
 siret.german_language: "Sereth"
 skofja_loka.german_language: "Bischoflack"
 skwierzyna.german_language: "Schwerin an der Warthe" 
 slany.german_language: "Schlan"
 slawno.german_language: "Schlawe" 
 slovenj_gradec.german_language: "Windischgrätz" 
 slupsk.german_language: "Stolp" 
 soltyn.german_language: "Soldin" 
 srem.german_language: "Schrimm" 
 sroda_slaska.german_language: "Neumarkt" 
 sroda_wielkopolska.german_language: "Schroda" 
 stary_tekov.german_language: "Altbarsch"
 storozhynets.german_language: "Storozynetz"
 straupe.german_language: "Roop"
 strzelce_opolskie.german_language: "Groß Strehlitz" 
 sulechow.german_language: "Züllichau" 
 suure_jaani.german_language: "Groß St. Johannis"
 swidnica.german_language: "Schweidnitz" 
 swidwin.german_language: "Schivelbein" 
 swiecie.german_language: "Schwetz" 
 swinousjcie.german_language: "Swinemünde" 
 sycow.german_language: "Wartenberg" 
 szabolcs.german_language: "Saboltsch"
 szadek.german_language: "Schadeck" 
 szadzko.german_language: "Saatzig" 
 szamotuly.german_language: "Samter" 
 szarvas.german_language: "Sarwasch"
 szczytno.german_language: "Ortelsburg" 
 szeged.german_language: "Szegedin"
 szombathely.german_language: "Steinamanger"
 szprotawa.german_language: "Sprottau" 
 szubin.german_language: "Schubin" 
 tachov.german_language: "Tachau"
 tallinn.german_language: "Reval"
 targu_mures.german_language: "Neumarkt am Mieresch"
 tartu.german_language: "Dorpat" 
 tata.german_language: "Totis"
 tczew.german_language: "Dirschau" 
 tepla.german_language: "Tepl"
 tesin.german_language: "Teschen" 
 timisoara.german_language: "Temeswar"
 titel.german_language: "Theisshügel"
 tolmin.german_language: "Tolmein"
 tolna.german_language: "Tolnau"
 toolse.german_language: "Tolsburg" 
 torun.german_language: "Thorn" 
 torzym.german_language: "Sternberg" 
 toszek.german_language: "Tost" 
 trebon.german_language: "Wittingau"
 trencin.german_language: "Trentschin"
 trento.german_language: "Trient" 
 trieste.german_language: "Triest"
 trnava.german_language: "Tyrnau"
 trzebnica.german_language: "Trebnitz" 
 trzemeszno.german_language: "Tremessen" 
 tuchola.german_language: "Tuchel" 
 tukums.german_language: "Tuckum" 
 turciansky_svaty_martin.german_language: "Turz-Sankt Martin"
 turda.german_language: "Thorenburg"
 turna.german_language: "Tornau"
 turnov.german_language: "Turnau"
 uniejow.german_language: "Unienau" 
 usti_nad_labem.german_language: "Aussig"
 uzhorod.german_language: "Ungvar"
 valjala.german_language: "Wolde" 
 valka.german_language: "Walk" 
 valmiera.german_language: "Wolmar"
 vasknarva.german_language: "Neuschloss"
 vastseliina.german_language: "Neuhausen" 
 vatra_dornei.german_language: "Dorna Watra"
 veliky_beckerek.german_language: "Großbetschkerek"
 ventspils.german_language: "Windau"
 vilaka.german_language: "Marienhausen" 
 viljandi.german_language: "Fellin"
 villandro.german_language: "Villanders" 
 vonnu.german_language: "Wendau" 
 walcz.german_language: "Arnskrone" 
 warsaw.german_language: "Warschau" 
 wegorzewo.german_language: "Angerburg"
 weissenburg.german_language: "Weißenburg"
 weissenfels.german_language: "Weißenfels"
 wielen.german_language: "Filehne" 
 wielun.german_language: "Welun" 
 wieruszow.german_language: "Weruschau" 
 wloclawek.german_language: "Leslau" 
 wolow.german_language: "Wohlau" 
 wroclaw.german_language: "Breslau" 
 wschowa.german_language: "Fraustadt" 
 wyrzysk.german_language: "Wirsitz" 
 zagan.german_language: "Sagan" 
 zalaegerszeg.german_language: "Egersee"
 zalau.german_language: "Zillenmarkt"
 zary.german_language: "Sorau" 
 zatec.german_language: "Saaz"
 ziebice.german_language: "Münsterberg" 
 zielona_gora.german_language: "Grünberg" 
 zilina.german_language: "Sillein"
 zlotoryja.german_language: "Goldberg" 
 zlotow.german_language: "Flatow"
 zurich.german_language: "Zürich"
 zvolen.german_language: "Altsohl"