l_english:
 altamura.south_italian_language: "Jaltamure"
 andria.south_italian_language: "Iàndrie"
 bari.south_italian_language: "Bare"
 barletta.south_italian_language: "Barlétte"
 caltagirone.south_italian_language: "Cartaggiruni"
 chieti.south_italian_language: "Chjìte"
 corleone.south_italian_language: "Cunigghiuni"
 cotrone.south_italian_language: "Cutrone"
 foggia.south_italian_language: "Fògge"
 francavilla.south_italian_language: "Francaìdda"
 gaeta.south_italian_language: "Gaieta"
 gallipoliita.south_italian_language: "Caḍḍìpuli"
 isernia.south_italian_language: "Sèrnia"
 lanciano.south_italian_language: "Langiàne"
 larino.south_italian_language: "Larìne"
 lecce.south_italian_language: "Lècce"
 lucera.south_italian_language: "Lucére"
 martinafr.south_italian_language: "Marténe"
 mazara.south_italian_language: "Mazzara"
 modica.south_italian_language: "Muòrica"
 monopoli.south_italian_language: "Menòpele"
 naples.south_italian_language: "Napule"
 noto.south_italian_language: "Notu"
 palermo.south_italian_language: "Palemmu"
 pontikokastro.south_italian_language: "Belveder"
 sansevero.south_italian_language: "Sanzëvírë"
 sulmona.south_italian_language: "Sulmóne"
 syracuse.south_italian_language: "Saragusa"
 taranto.south_italian_language: "Tarde"
 teramo.south_italian_language: "Tèreme"
 trapani.south_italian_language: "Tràpani"
 vasto.south_italian_language: "lù Uàštë"