l_english:
 acre.french_language: "Saint-Jean-d'Acre"
 aleppo.french_language: "Alep"
 anecho.french_language: "Petit Popo"
 antioch.french_language: "Antioche"
 beer_dun.french_language: "Gorée"
 beirut.french_language: "Baruth"
 damascus.french_language: "Damas"
 east_falkland.french_language: "Malouine Orientale"
 gaza.french_language: "Gadres"
 geneve.french_language: "Genève"
 glexwe.french_language: "Ouidah"
 hama.french_language: "Hamā"
 jableh.french_language: "Gabala"
 jaffa.french_language: "Jophé"
 jerusalem.french_language: "Jérusalem"
 latakia.french_language: "Lattaquié"
 london.french_language: "Londres"
 majdal.french_language: "Ascalon"
 maore.french_language: "Mayotte"
 nablus.french_language: "Napleuse"
 ndar.french_language: "Saint-Louis"
 ngazidja.french_language: "Grande Comore"
 nicosia_cyp.french_language: "Nicosie"
 nzwani.french_language: "Anjouan"
 pontikokastro.french_language: "Beauvoir"
 safed.french_language: "Saphet"
 sidon.french_language: "Sagette"
 stadacona.french_language: "Québec"
 tarsus.french_language: "Tarse"
 tartus.french_language: "Tortose"
 timucua.french_language: "Fort Caroline"
 urfa.french_language: "Édesse"
 west_falkland.french_language: "Malouine Occidentale"
 zaragoza.french_language: "Saragosse"