l_english:
 ainsa.basque_language: "Ainza" #From Etimology
 aire.basque_language: "Atura"
 almudevar.basque_language: "Bortina"
 anso.basque_language: "Berari"
 ariza.basque_language: "Aritza" #From Etimology
 arnedo.basque_language: "Hareatza"
 auch.basque_language: "Hiriberri-Autxoa"
 barcelona.basque_language: "Bartzelona"
 bayonne.basque_language: "Baiona"
 benabarre.basque_language: "Benabarren"
 bilbao.basque_language: "Bilbao"
 bordeaux.basque_language: "Bordele"
 briviesca.basque_language: "Birobezkane"
 bruges.basque_language: "Brujas"
 cadiz.basque_language: "Karize"
 calahorra.basque_language: "Kalagorri"
 carinena.basque_language: "Kariñena" #Basque spelling
 carcassonne.basque_language: "Karkasona"
 castelnau_de_medoc.basque_language: "Gaztelumendi-Medoka"
 condom.basque_language: "Gondona"
 daroca.basque_language: "Daroka" #From Etimology
 dax.basque_language: "Akize"
 ejea_de_los_caballeros.basque_language: "Setia-Exea"
 estella.basque_language: "Lizarra"
 foix.basque_language: "Fox"
 huesca.basque_language: "Oska"
 jaca.basque_language: "Iaka"
 la_rochelle.basque_language: "Erroxela"
 labrit.basque_language: "Albareta"
 laguardia.basque_language: "Guardia"
 laredo.basque_language: "Zandoina" #Santoña
 lesparre_medoc.basque_language: "Lesparren-Medoka"
 libourne.basque_language: "Liburna"
 logrono.basque_language: "Loroño"
 lyon.basque_language: "Lione"
 madrid.basque_language: "Madril"
 marseille.basque_language: "Marseilla"
 mauleon.basque_language: "Maule"
 miranda_de_ebro.basque_language: "Miranda-Iber"
 mirande.basque_language: "Miranda-Autxoa"
 mont_de_marsan.basque_language: "Mendi Marzana"
 muret.basque_language: "Murueta"
 najera.basque_language: "Naiara"
 narbonne.basque_language: "Narbona"
 nerac.basque_language: "Nerako"
 nice.basque_language: "Niza"
 olite.basque_language: "Erriberi"
 oloron.basque_language: "Oloroe"
 onate.basque_language: "Oñati"
 orthez.basque_language: "Ortese"
 palencia.basque_language: "Palentzia"
 pamiers.basque_language: "Paniertza"
 pamplona.basque_language: "Iruña"
 paris.basque_language: "Parise"
 pau.basque_language: "Pabe"
 reinosa.basque_language: "Larrainotza"
 roncesvalles.basque_language: "Orreaga"
 rouen.basque_language: "Erruan"
 saint_gaudens.basque_language: "Done Gaudentzi"
 saint_jean_pied_de_port.basque_language: "Donibane Garazi"
 saint_lizier.basque_language: "Done Litzeri"
 salvatierra.basque_language: "Agurain"
 san_sebastian.basque_language: "Donosti"
 san_vicente_barquera.basque_language: "Done Bikendi"
 sanguesa.basque_language: "Zangotza"
 santander.basque_language: "Sanandere"
 sarinena.basque_language: "Zariñena"
 sauveterre_de_guyenne.basque_language: "Salbaterra-Guiena"
 sevilla.basque_language: "Sibilia"
 sos.basque_language: "Sause"
 tarazona.basque_language: "Aturiazu"
 tarbes.basque_language: "Aturbe"
 tartas.basque_language: "Tarusa"
 toulouse.basque_language: "Tolosa"
 tudela.basque_language: "Tutera"
 valencia.basque_language: "Balentzia"
 valmaseda.basque_language: "Balmaseda"
 viana.basque_language: "Biana"
 vitoria.basque_language: "Gasteiz"
 zaragoza.basque_language: "Zarautza"