l_english:
 aachen.spanish_language: "Aquisgrán"
 aalst.spanish_language: "Alost"
 acre.spanish_language: "San Juan de Acre"
 agadir.spanish_language: "Santa Cruz del Cabo Aguer"
 aguere.spanish_language: "San Cristóbal de la Laguna"
 akimel_oodham.spanish_language: "San Javier del Bac"
 alcacer_do_sal.spanish_language: "Alcázar de la Sal"
 alcobaca.spanish_language: "Alcobaza"
 alencon.spanish_language: "Alenzón"
 alexandria.spanish_language: "Alejandría"
 alghero.spanish_language: "Alguer"
 algiers.spanish_language: "Argel"
 amsterdam.spanish_language: "Ámsterdam"
 andorra_la_vella.spanish_language: "Andorra la Vieja"
 angouleme.spanish_language: "Angulema"
 antwerp.spanish_language: "Antuerpia"
 apalachee.spanish_language: "San Marcos de Apalachee"
 aquileia.spanish_language: "Aquilea"
 arasibo.spanish_language: "Arecibo"
 arles.spanish_language: "Arlés"
 arras.spanish_language: "Arrás"
 asilah.spanish_language: "Arcila"
 assisi.spanish_language: "Asís"
 augsburg.spanish_language: "Augsburgo"
 avignon.spanish_language: "Aviñón"
 awaswas.spanish_language: "San Francisco de Asís"
 azemmour.spanish_language: "Azamor"
 azrou.spanish_language: "Azrú"
 azua.spanish_language: "Azúa de Compostela"
 bamberg.spanish_language: "Bamberga"
 bani.spanish_language: "Baní"
 banique.spanish_language: "Bánica"
 bastogne.spanish_language: "Bastoña"
 bavaro.spanish_language: "Bávaro"
 bayaquitiri.spanish_language: "Santiago de Cuba"
 bayonne.spanish_language: "Bayona"
 bejaia.spanish_language: "Bugía"
 bergamo.spanish_language: "Bérgamo"
 bergen_zoom.spanish_language: "Bergen"
 berlin.spanish_language: "Berlín"
 besancon.spanish_language: "Besanzón"
 bitburg.spanish_language: "Bitburgo"
 bizerte.spanish_language: "Bizerta"
 bohio.spanish_language: "San Felipe de Puerto Plata"
 bologna.spanish_language: "Boloña"
 bordeaux.spanish_language: "Burdeos"
 bosa_colombia.spanish_language: "Santa Fe de Bogotá"
 boya.spanish_language: "Sabana Grande de Boyá"
 braganca.spanish_language: "Braganza"
 brandenburg.spanish_language: "Brandenburgo"
 bremen.spanish_language: "Brema"
 briancon.spanish_language: "Brianzon"
 brixen.spanish_language: "Bresanona"
 bruges.spanish_language: "Brujas"
 brussels.spanish_language: "Bruselas"
 cairo.spanish_language: "El Cairo"
 calais.spanish_language: "Calés"
 calamari.spanish_language: "Cartagena de Indias"
 canterbury.spanish_language: "Cantórbery"
 carcassonne.spanish_language: "Carcasona"
 cayacoa.spanish_language: "Santo Domingo de Guzmán"
 ccantumarcani.spanish_language: "Potosí"
 chambery.spanish_language: "Chamberí"
 cherbourg.spanish_language: "Cherburgo"
 cholollan.spanish_language: "Cholula"
 cibao.spanish_language: "Santo Tomás de Jánico"
 coblenz.spanish_language: "Coblenza"
 coburg.spanish_language: "Coburgo"
 cojutepeque.spanish_language: "San Vicente"
 cologne.spanish_language: "Colonia"
 constantine_ALG.spanish_language: "Constantina"
 cotui.spanish_language: "La Mejorada del Cotuí"
 covilha.spanish_language: "Covillán"
 cuauhchinanco.spanish_language: "Guachinango"
 dillingen.spanish_language: "Dilinga"
 dortmund.spanish_language: "Tremonia"
 dover.spanish_language: "Dubres"
 dresden.spanish_language: "Dresda"
 dubrovnik.spanish_language: "Ragusa"
 dunkirk.spanish_language: "Dunquerque"
 east_falkland.spanish_language: "Isla Soledad"
 edinburgh.spanish_language: "Edimburgo"
 el_tor.spanish_language: "El Tor"
 emden.spanish_language: "Emda"
 erfurt.spanish_language: "Érfurt"
 esztergom.spanish_language: "Estrigonia"
 flensburg.spanish_language: "Flensburgo"
 florence.spanish_language: "Florencia"
 frankfurt.spanish_language: "Fráncfort del Meno"
 freiburg.spanish_language: "Friburgo de Brisgovia"
 freising.spanish_language: "Frisinga"
 geldern.spanish_language: "Güeldres"
 genoa.spanish_language: "Génova"
 ghent.spanish_language: "Gante"
 gottingen.spanish_language: "Gotinga"
 groningen.spanish_language: "Groninga"
 guacayakima.spanish_language: "Salvatierra de La Sabana"
 guaxenicos.spanish_language: "Somotillo"
 guaynabo.spanish_language: "San Juan"
 guaynia.spanish_language: "Guaynía"
 gunzburg.spanish_language: "Gunzburgo"
 habana.spanish_language: "San Cristóbal de La Habana"
 hamburg.spanish_language: "Hamburgo"
 helsingor.spanish_language: "Elsinor"
 hertogenbosch.spanish_language: "Bolduque"
 hicayagua.spanish_language: "Santa Cruz de Hicayagua"
 hipalan.spanish_language: "San Sebastián de La Gomera"
 huexotzinco.spanish_language: "Huejotzingo"
 ifni.spanish_language: "Santa Cruz de la Mar Pequeña"
 ifrane.spanish_language: "Ifrán"
 iguamuco.spanish_language: "Lares de Guahaba"
 ineseno.spanish_language: "San Luis Obispo"
 ixtapan.spanish_language: "Ixtapa"
 jaragua.spanish_language: "Santa María del Puerto de La Jaragua"
 kairouan.spanish_language: "Cairuán"
 kassel.spanish_language: "Cassel"
 khenifra.spanish_language: "Jenifra"
 kleve.spanish_language: "Cléveris"
 konstanz.spanish_language: "Constanza"
 kortriik.spanish_language: "Cortrique"
 ksar_el_kebir.spanish_language: "Alcazarquivir"
 kukamonga.spanish_language: "San Juan Capistrano"
 kumeyaay.spanish_language: "San Diego de Alcalá"
 la_mamora.spanish_language: "La Mamora"
 la_rochelle.spanish_language: "La Rochela"
 larache.spanish_language: "Larache"
 lauenburg.spanish_language: "Lauemburgo"
 leeuwarden.spanish_language: "Leuvarda"
 leiden.spanish_language: "Leida"
 leipzig.spanish_language: "Lipsia"
 leiria.spanish_language: "Leiría"
 leuven.spanish_language: "Lovaina"
 liege.spanish_language: "Lieja"
 lille.spanish_language: "Lila"
 limassol.spanish_language: "Limasol"
 limbourg.spanish_language: "Limburgo"
 livorno.spanish_language: "Liorna"
 llacsapallanca.spanish_language: "Villa Rica de Oropesa" #Huancavelica
 lliria.spanish_language: "Liria"
 london.spanish_language: "Londres"
 lubeck.spanish_language: "Lubeca"
 luneburg.spanish_language: "Luneburgo"
 luxembourg.spanish_language: "Luxemburgo"
 lyon.spanish_language: "León de Francia"
 maastricht.spanish_language: "Mastrique"
 magdeburg.spanish_language: "Magdeburgo"
 magorix.spanish_language: "San Fernando de Monte Cristi"
 maguana.spanish_language: "San Juan de la Maguana"
 mainz.spanish_language: "Maguncia"
 manchester.spanish_language: "Manchéster"
 manso.spanish_language: "El Paso del Norte" #Juárez
 mantova.spanish_language: "Mantua"
 marburg.spanish_language: "Marburgo"
 marien.spanish_language: "Puerto Real"
 marrakesh.spanish_language: "Marruecos"
 marseille.spanish_language: "Marsella"
 maxorata.spanish_language: "Betancuria"
 mayaca.spanish_language: "San Agustín"
 mazaghan.spanish_language: "Mazagán"
 mechelen.spanish_language: "Malinas"
 meknes.spanish_language: "Mequinez"
 messina.spanish_language: "Mesina"
 middelburg.spanish_language: "Midelburgo"
 milano.spanish_language: "Milán"
 miranda_de_i_douro.spanish_language: "Miranda de Duero"
 mo_o_ti.spanish_language: "Guanajuato"
 moca.spanish_language: "Concepción de La Vega"
 modena.spanish_language: "Módena"
 munich.spanish_language: "Monaco de Baviera"
 munster.spanish_language: "Muñiste"
 mutsun.spanish_language: "San Carlos Borromeo de Carmelo"
 naples.spanish_language: "Nápoles"
 narbonne.spanish_language: "Narbona"
 naumburg.spanish_language: "Naumburgo"
 neubrandenburg.spanish_language: "Nuevo Brandenburgo"
 nice.spanish_language: "Niza"
 nijmegen.spanish_language: "Nimega"
 nimes.spanish_language: "Nimes"
 nivelles.spanish_language: "Nivellas"
 nonualco.spanish_language: "Santiago Nonualco"
 nuremberg.spanish_language: "Nuremberga"
 oldenburg.spanish_language: "Oldenburgo"
 ometepec.spanish_language: "Azoyu"
 oran.spanish_language: "Orán"
 orleans.spanish_language: "Orleans"
 ostend.spanish_language: "Ostende"
 ouarzazate.spanish_language: "Uarzazat"
 ouezzane.spanish_language: "Uezán"
 oujda.spanish_language: "Uxda"
 pachyohcan.spanish_language: "Pachuca de Soto"
 padova.spanish_language: "Padua"
 paris.spanish_language: "París"
 pavia.spanish_language: "Pavía"
 perpignan.spanish_language: "Perpiñán"
 perugia.spanish_language: "Perusa" 
 piacenza.spanish_language: "Plasencia" 
 poctlan.spanish_language: "Putla"
 porto.spanish_language: "Oporto"
 puigcerda.spanish_language: "Puigcerdá"
 ratzeburg.spanish_language: "Ratzeburgo"
 regensburg.spanish_language: "Ratisbona"
 roermond.spanish_language: "Ruremunda"
 rome.spanish_language: "Roma"
 rottenburg.spanish_language: "Rotemburgo del Nécar"
 rotterdam.spanish_language: "Róterdam"
 rouen.spanish_language: "Ruán"
 saarbrucken.spanish_language: "Sarrebruck"
 saint_jean_pied_de_port.spanish_language: "San Juan Pie de Puerto"
 saint_quentin.spanish_language: "San Quintín"
 salzburg.spanish_language: "Salzburgo"
 samana.spanish_language: "Santa Bárbara de Samaná"
 santarem.spanish_language: "Santarén"
 sauveterre_de_guyenne.spanish_language: "Salvatierra de Guyena"
 schmalkalden.spanish_language: "Esmalcalda"
 sefrou.spanish_language: "Sefrú"
 shiewhibak.spanish_language: "Albuquerque"
 sigmaringen.spanish_language: "Sigmaringa"
 sint_niklaas.spanish_language: "San Nicolás de Flandes"
 syracuse.spanish_language: "Siracusa"
 sousse.spanish_language: "Susa"
 speyer.spanish_language: "Espira"
 strasbourg.spanish_language: "Estrasburgo"
 suez.spanish_language: "Suez"
 tamaraceite.spanish_language: "Las Palmas de Gran Canaria"
 tangier.spanish_language: "Tánger"
 tarascon.spanish_language: "Tarascón"
 taroudant.spanish_language: "Tarudante"
 tecklenburg.spanish_language: "Teclemburgo"
 tedote.spanish_language: "Santa Cruz de la Palma"
 tehotihuacan.spanish_language: "San Juan Teotihuacán"
 temsamane.spanish_language: "Tensamán"
 tenochtitlan.spanish_language: "México"
 teotenanco.spanish_language: "Teotenango"
 tepotahal.spanish_language: "San Antonio de Padua"
 tetouan.spanish_language: "Tetuán"
 than_u_ge.spanish_language: "La Villa Real de la Santa Fe de San Francisco de Asís"
 the_hague.spanish_language: "La Haya"
 tillantonco.spanish_language: "Tilatongo"
 timucua.spanish_language: "San Mateo"
 tindouf.spanish_language: "Tinduf"
 tlaxomulco.spanish_language: "Tlajomulco"
 tlemcen.spanish_language: "Tremecén"
 toulon.spanish_language: "Tolón"
 toulouse.spanish_language: "Tolosa de Languedoc"
 trier.spanish_language: "Tréveris"
 tubingen.spanish_language: "Tubinga"
 tunis.spanish_language: "Túnez"
 turin.spanish_language: "Turín"
 uberlingen.spanish_language: "Uberlinga"
 ulm.spanish_language: "Ulma"
 urfa.spanish_language: "Edesa"
 utrecht.spanish_language: "Utreque"
 valenca.spanish_language: "Valencia del Miño"
 valence.spanish_language: "Valencia de Francia"
 valenciennes.spanish_language: "Valenciana"
 venice.spanish_language: "Venecia"
 verdun_sur_garonne.spanish_language: "Verdún de Garona"
 verdun.spanish_language: "Verdún"
 viana_do_castelo.spanish_language: "Viana del Castillo"
 vienna.spanish_language: "Viena"
 vila_real.spanish_language: "Villareal"
 vila_vicosa.spanish_language: "Villaviciosa"
 villefranche.spanish_language: "Villafranca de Ruergüe"
 viseu.spanish_language: "Viseo"
 west_falkland.spanish_language: "Gran Malvina"
 wurzburg.spanish_language: "Wurzburgo"
 xalacinco.spanish_language: "Xalacingo"
 xamapan.spanish_language: "Veracruz"
 xicallanco.spanish_language: "Xicalango"
 yaanga.spanish_language: "Nuestra Señora la Reina de los Ángeles del Río de Porciúncula"
 yaguana.spanish_language: "Santa María de La Yaguana"
 yamasa.spanish_language: "La Buenaventura"
 yanaguana.spanish_language: "San Antonio de Béjar"
 yaqui.spanish_language: "Santiago de los Caballeros"
 yaquimo.spanish_language: "Villanueva de Yaquimo"
 yerevan.spanish_language: "Ereván"
 ypres.spanish_language: "Iprés"
 yuma.spanish_language: "Salvaleón de Higüey"
 zacatollan.spanish_language: "Zacatula"
 zadar.spanish_language: "Jara"
 zain.spanish_language: "Zacatecas"
 zaragoza.spanish_language: "Zaragoza"
 zinacantan.spanish_language: "Ciudad Real"
 zweibrucken.spanish_language: "Dos Puentes"