l_english:
 aachen.dutch_dialect: "Aken"
 alexandria.dutch_dialect: "Alexandrië"
 antwerp.dutch_dialect: "Antwerpen"
 arras.dutch_dialect: "Atrecht"
 assawoman.dutch_dialect: "Swaanendael"
 athens.dutch_dialect: "Athene"
 aurich.dutch_dialect: "Aurik"
 bastogne.dutch_dialect: "Bastenaken"
 beer_dun.dutch_dialect: "Goeree"
 berlin.dutch_dialect: "Berlijn"
 bouillon.dutch_dialect: "Bullioen"
 boullogne_sur_mer.dutch_dialect: "Beunen"
 bruges.dutch_dialect: "Brugge"
 brussels.dutch_dialect: "Brussel"
 cairo.dutch_dialect: "Kairo"
 calais.dutch_dialect: "Kales"
 cambrai.dutch_dialect: "Kamerijk"
 cassel.dutch_dialect: "Kassel"
 cologne.dutch_dialect: "Keulen"
 constantinople.dutch_dialect: "Constantinopel"
 dortmund.dutch_dialect: "Dortmond"
 douai.dutch_dialect: "Dowaai"
 dunkirk.dutch_dialect: "Duinkerke"
 dusseldorf.dutch_dialect: "Dusseldorp"
 enghien.dutch_dialect: "Edingen"
 gdansk.dutch_dialect: "Dantzig"
 geldern.dutch_dialect: "Gelre"
 genoa.dutch_dialect: "Genua"
 glexwe.dutch_dialect: "Fida"
 hesdin.dutch_dialect: "Heusden"
 jerusalem.dutch_dialect: "Jeruzalem"
 kleve.dutch_dialect: "Kleef"
 kobnhaven.dutch_dialect: "Kopenhagen"
 krakow.dutch_dialect: "Krakau"
 la_roche.dutch_dialect: "Welchenfels"
 liege.dutch_dialect: "Luik"
 lille.dutch_dialect: "Rijsel"
 limbourg.dutch_dialect: "Limburg"
 lisbon.dutch_dialect: "Lissabon"
 london.dutch_dialect: "Londen"
 luxembourg.dutch_dialect: "Luxemburg"
 manhattan.dutch_dialect: "Nieuw Amsterdam"
 massapequa.dutch_dialect: "Breuckelen"
 milano.dutch_dialect: "Milaan"
 minguannan.dutch_dialect: "Fort Casimir"
 mons.dutch_dialect: "Bergen"
 moscow.dutch_dialect: "Moskou"
 mulhouse.dutch_dialect: "Mulhuizen"
 munster.dutch_dialect: "Munster"
 namur.dutch_dialect: "Namen"
 neuss.dutch_dialect: "Nuys"
 nivelles.dutch_dialect: "Nijvel"
 nuremberg.dutch_dialect: "Neurenberg"
 orange.dutch_dialect: "Oranje"
 osnabruck.dutch_dialect: "Osenbrugge"
 ostend.dutch_dialect: "Oostende"
 paris.dutch_dialect: "Parijs"
 prague.dutch_dialect: "Praag"
 reims.dutch_dialect: "Riemen"
 rouen.dutch_dialect: "Rowaan"
 saarbrucken.dutch_dialect: "Saarbruggen"
 saint_omer.dutch_dialect: "Sint-Omaars"
 saint_pol.dutch_dialect: "Sint-Pols-aan-de-Ternas"
 santiago_compastella.dutch_dialect: "Sint-Jacob van Compostella"
 speyer.dutch_dialect: "Spiers"
 tallinn.dutch_dialect: "Reval"
 tetamekanch.dutch_dialect: "Fort Nassau"
 the_hague.dutch_dialect: "Den Haag"
 thionville.dutch_dialect: "Diedenhoven"
 tournai.dutch_dialect: "Doornik"
 valenciennes.dutch_dialect: "Valencijn"
 venice.dutch_dialect: "Venetië"
 vienna.dutch_dialect: "Wenen"
 ypres.dutch_dialect: "Ieper"
